council,website,seed_url,selected_for_search
Adur District Council,https://www.adur-worthing.gov.uk/,https://www.adur-worthing.gov.uk/about-the-councils/senior-management-structure/,yes
Amber Valley Borough Council,https://www.ambervalley.gov.uk/,https://www.ambervalley.gov.uk/,yes
Arun District Council,https://www.arun.gov.uk/,https://www.arun.gov.uk/our-management-teams,yes
Ashfield District Council,https://www.ashfield.gov.uk/,https://www.ashfield.gov.uk/your-council/councillors-council-meetings-and-governance/organisational-structure/,yes
Ashford Borough Council,https://www.ashford.gov.uk/,https://www.ashford.gov.uk/transparency/our-people/leadership-team/,yes
Babergh District Council,https://www.babergh.gov.uk/,https://www.babergh.gov.uk/,yes
Barnsley Borough Council,https://www.barnsley.gov.uk/,https://www.barnsley.gov.uk/services/council-and-democracy/council-structure-and-leadership-team/,yes
Basildon Borough Council,https://www.basildon.gov.uk/,https://www3.basildon.gov.uk/jobs/Head%20of%20Housing%20Services%20docs/Basildon%20Borough%20Council%20Structure.pdf,yes
Basingstoke and Deane Borough Council,,,yes
Bassetlaw District Council,,,yes
Bath and North East Somerset Council,,,yes
Bedford Borough Council,,,yes
Birmingham City Council,,,yes
Blaby District Council,,,yes
Blackburn with Darwen Council,,,yes
Blackpool Council,,,yes
Bolsover District Council,,,yes
Bolton Borough Council,,,yes
Boston Borough Council,,,yes
"Bournemouth, Christchurch and Poole Council",,,yes
Bracknell Forest Council,,,yes
Bradford City Council,,,yes
Braintree District Council,,,yes
Breckland District Council,,,yes
Brentwood Borough Council,,,yes
Brighton and Hove City Council,,,yes
Bristol City Council,,,yes
Broadland District Council,,,yes
Bromsgrove District Council,,,yes
Broxbourne Borough Council,,,yes
Broxtowe Borough Council,,,yes
Buckinghamshire Council,,,yes
Burnley Borough Council,,,yes
Bury Borough Council,,,yes
Calderdale Borough Council,,,yes
Cambridge City Council,,,yes
Cambridgeshire County Council,,,yes
Cannock Chase District Council,,,yes
Canterbury City Council,,,yes
Castle Point Borough Council,,,yes
Central Bedfordshire Council,,,yes
Charnwood Borough Council,,,yes
Chelmsford City Council,,,yes
Cheltenham Borough Council,,,yes
Cherwell District Council,,,yes
Cheshire East Council,,,yes
Cheshire West and Chester Council,,,yes
Chesterfield Borough Council,,,yes
Chichester District Council,,,yes
Chorley Council,,,yes
City of London Corporation,,,yes
City of York Council,,,yes
Colchester City Council,,,yes
Cornwall Council,,,yes
Cotswold District Council,,,yes
Coventry City Council,,,yes
Crawley Borough Council,,,yes
Cumberland Council,,,yes
Dacorum Borough Council,,,yes
Darlington Borough Council,,,yes
Dartford Borough Council,,,yes
Derby City Council,,,yes
Derbyshire County Council,,,yes
Derbyshire Dales District Council,,,yes
Devon County Council,,,yes
Doncaster Borough Council,,,yes
Dorset Council,,,yes
Dover District Council,,,yes
Dudley City Council,,,yes
Durham County Council,,,yes
East Cambridgeshire District Council,,,yes
East Devon District Council,,,yes
East Hampshire District Council,,,yes
East Hertfordshire District Council,,,yes
East Lindsey District Council,,,yes
East Riding of Yorkshire Council,,,yes
East Staffordshire Borough Council,,,yes
East Suffolk Council,,,yes
East Sussex County Council,,,yes
Eastbourne Borough Council,,,yes
Eastleigh Borough Council,,,yes
Elmbridge Borough Council,,,yes
Epping Forest District Council,,,yes
Epsom and Ewell Borough Council,,,yes
Erewash Borough Council,,,yes
Essex County Council,,,yes
Exeter City Council,,,yes
Fareham Borough Council,,,yes
Fenland District Council,,,yes
Folkestone and Hythe District Council,,,yes
Forest of Dean District Council,,,yes
Fylde Council,,,yes
Gateshead Council,,,yes
Gedling Borough Council,,,yes
Gloucester City Council,,,yes
Gloucestershire County Council,,,yes
Gosport Borough Council,,,yes
Gravesham Borough Council,,,yes
Great Yarmouth Borough Council,,,yes
Guildford Borough Council,,,yes
Halton Borough Council,,,yes
Hampshire County Council,,,yes
Harborough District Council,,,yes
Harlow Council,,,yes
Hart District Council,,,yes
Hartlepool Borough Council,,,yes
Hastings Borough Council,,,yes
Havant Borough Council,,,yes
Herefordshire Council,,,yes
Hertfordshire County Council,,,yes
Hertsmere Borough Council,,,yes
High Peak Borough Council,,,yes
Hinckley and Bosworth Borough Council,,,yes
Horsham District Council,,,yes
Hull City Council,,,yes
Huntingdonshire District Council,,,yes
Hyndburn Borough Council,,,yes
Ipswich Borough Council,,,yes
Isle of Wight Council,,,yes
Isles of Scilly Council,,,yes
Kent County Council,,,yes
King's Lynn and West Norfolk Borough Council,,,yes
Kirklees Council,,,yes
Knowsley Council,,,yes
Lancashire County Council,,,yes
Lancaster City Council,,,yes
Leeds City Council,,,yes
Leicester City Council,,,yes
Leicestershire County Council,,,yes
Lewes District Council,,,yes
Lichfield District Council,,,yes
Lincoln City Council,,,yes
Lincolnshire County Council,,,yes
Liverpool City Council,,,yes
London Borough of Barking and Dagenham,https://www.lbbd.gov.uk/,https://www.lbbd.gov.uk/council-and-democracy/performance-and-spending/council-structure,yes
London Borough of Barnet,https://www.barnet.gov.uk/,https://www.barnet.gov.uk/your-council/barnet-council-management-structure,yes
London Borough of Bexley,,,yes
London Borough of Brent,,,yes
London Borough of Bromley,,,yes
London Borough of Camden,,,yes
London Borough of Croydon,,,yes
London Borough of Ealing,,,yes
London Borough of Enfield,,,yes
London Borough of Greenwich,,,yes
London Borough of Hackney,,,yes
London Borough of Hammersmith and Fulham,,,yes
London Borough of Haringey,,,yes
London Borough of Harrow,,,yes
London Borough of Havering,,,yes
London Borough of Hillingdon,,,yes
London Borough of Hounslow,,,yes
London Borough of Islington,,,yes
London Borough of Kensington and Chelsea,,,yes
London Borough of Kingston upon Thames,,,yes
London Borough of Lambeth,,,yes
London Borough of Lewisham,,,yes
London Borough of Merton,,,yes
London Borough of Newham,,,yes
London Borough of Redbridge,,,yes
London Borough of Richmond upon Thames,,,yes
London Borough of Southwark,,,yes
London Borough of Sutton,,,yes
London Borough of Tower Hamlets,,,yes
London Borough of Waltham Forest,,,yes
London Borough of Wandsworth,,,yes
London Borough of Westminster,,,yes
Luton Borough Council,,,yes
Maidstone Borough Council,,,yes
Maldon District Council,,,yes
Malvern Hills District Council,,,yes
Manchester City Council,,,yes
Mansfield District Council,,,yes
Medway Council,,,yes
Melton Borough Council,,,yes
Mid Devon District Council,,,yes
Mid Suffolk District Council,,,yes
Mid Sussex District Council,,,yes
Middlesbrough Council,,,yes
Milton Keynes City Council,,,yes
Mole Valley District Council,,,yes
New Forest District Council,,,yes
Newark and Sherwood District Council,,,yes
Newcastle City Council,,,yes
Newcastle-under-Lyme Borough Council,,,yes
Norfolk County Council,,,yes
North Devon District Council,,,yes
North East Derbyshire District Council,,,yes
North East Lincolnshire Council,,,yes
North Hertfordshire District Council,,,yes
North Kesteven District Council,,,yes
North Lincolnshire Council,,,yes
North Norfolk District Council,,,yes
North Northamptonshire Council,,,yes
North Somerset Council,,,yes
North Tyneside Council,,,yes
North Warwickshire Borough Council,,,yes
North West Leicestershire District Council,,,yes
North Yorkshire Council,,,yes
Northumberland County Council,,,yes
Norwich City Council,,,yes
Nottingham City Council,,,yes
Nottinghamshire County Council,,,yes
Nuneaton and Bedworth Borough Council,,,yes
Oadby and Wigston Borough Council,,,yes
Oldham Council,,,yes
Oxford City Council,,,yes
Oxfordshire County Council,,,yes
Pendle Borough Council,,,yes
Peterborough City Council,,,yes
Plymouth City Council,,,yes
Portsmouth City Council,,,yes
Preston City Council,,,yes
Reading Borough Council,,,yes
Redcar and Cleveland Borough Council,,,yes
Redditch Borough Council,,,yes
Reigate and Banstead Borough Council,,,yes
Ribble Valley Borough Council,,,yes
Rochdale Borough Council,,,yes
Rochford District Council,,,yes
Rossendale Borough Council,,,yes
Rother District Council,,,yes
Rotherham Metropolitan Borough Council,,,yes
Rugby Borough Council,,,yes
Runnymede Borough Council,,,yes
Rushcliffe Borough Council,,,yes
Rushmoor Borough Council,,,yes
Rutland County Council,,,yes
Salford City Council,,,yes
Sandwell Metropolitan Borough Council,,,yes
Sefton Council,,,yes
Sevenoaks District Council,,,yes
Sheffield City Council,,,yes
Shropshire Council,,,yes
Slough Borough Council,,,yes
Solihull Metropolitan Borough Council,,,yes
Somerset Council,,,yes
South Cambridgeshire District Council,,,yes
South Derbyshire District Council,,,yes
South Gloucestershire Council,,,yes
South Hams District Council,,,yes
South Holland District Council,,,yes
South Kesteven District Council,,,yes
South Norfolk Council,,,yes
South Oxfordshire District Council,,,yes
South Ribble Borough Council,,,yes
South Staffordshire Council,,,yes
South Tyneside Council,,,yes
Southampton City Council,,,yes
Southend-on-Sea City Council,,,yes
Spelthorne Borough Council,,,yes
St Albans City and District Council,,,yes
St Helens Borough Council,,,yes
Stafford Borough Council,,,yes
Staffordshire County Council,,,yes
Staffordshire Moorlands District Council,,,yes
Stevenage Borough Council,,,yes
Stockport Metropolitan Borough Council,,,yes
Stockton-on-Tees Borough Council,,,yes
Stoke-on-Trent City Council,,,yes
Stratford-on-Avon District Council,,,yes
Stroud District Council,,,yes
Suffolk County Council,,,yes
Sunderland City Council,,,yes
Surrey County Council,,,yes
Surrey Heath Borough Council,,,yes
Swale Borough Council,,,yes
Swindon Borough Council,,,yes
Tameside Metropolitan Borough Council,,,yes
Tamworth Borough Council,,,yes
Tandridge District Council,,,yes
Teignbridge District Council,,,yes
Telford and Wrekin Council,,,yes
Tendring District Council,,,yes
Test Valley Borough Council,,,yes
Tewkesbury Borough Council,,,yes
Thanet District Council,,,yes
Three Rivers District Council,,,yes
Thurrock Council,,,yes
Tonbridge and Malling Borough Council,,,yes
Torbay Council,,,yes
Torridge District Council,,,yes
Trafford Council,,,yes
Tunbridge Wells Borough Council,,,yes
Uttlesford District Council,,,yes
Vale of White Horse District Council,,,yes
Wakefield Council,,,yes
Walsall Council,,,yes
Warrington Borough Council,,,yes
Warwick District Council,,,yes
Warwickshire County Council,,,yes
Watford Borough Council,,,yes
Waverley Borough Council,,,yes
Wealden District Council,,,yes
Welwyn Hatfield Borough Council,,,yes
West Berkshire Council,,,yes
West Devon Borough Council,,,yes
West Lancashire Borough Council,,,yes
West Lindsey District Council,,,yes
West Northamptonshire Council,,,yes
West Oxfordshire District Council,,,yes
West Suffolk Council,,,yes
West Sussex County Council,,,yes
Westmorland and Furness Council,,,yes
Wigan Council,,,yes
Wiltshire Council,,,yes
Winchester City Council,,,yes
Windsor and Maidenhead,,,yes
Wirral Council,,,yes
Woking Borough Council,,,yes
Wokingham Borough Council,,,yes
Wolverhampton City Council,,,yes
Worcester City Council,,,yes
Worcestershire County Council,,,yes
Worthing Borough Council,,,yes
Wychavon District Council,,,yes
Wyre Council,,,yes
Wyre Forest District Council,,,yes
